source	target	source_id
㑇	㑳	6602
㘎	㘚	7936
㤘	㥮	4031
㧐	㩳	3658
㧑	撝	6567
㧟	擓	3848
㭎	棡	6664
䁖	瞜	5693
䃅	磾	7508
䅟	穇	7540
䌹	絅	6750
䏝	膞	3978
䓖	藭	6955
䓨	罃	7132
䗖	螮	7772
䜣	訢	6549
䝙	貙	7209
䥽	鏺	4546
䦃	鐯	6111
䲟	鮣	7560
䲠	鰆	7960
䲢	鰧	8014
䴓	鳾	6806
䴔	鵁	7224
䴕	鴷	7152
䴖	鶄	7465
䴗	鶪	7668
䴘	鷉	7795
䴙	鸊	8029
䶮	龑	6814
万	萬	35
与	與	34
丑	醜	177
专	專	83
业	業	231
丛	叢	281
东	東	225
丝	絲	347
两	兩	697
严	嚴	671
丧	喪	1034
个	個	45
丰	豐	74
临	臨	1471
为	爲	165
丽	麗	699
举	舉	1693
么	麽	48
义	義	57
乌	烏	157
乐	樂	287
乔	喬	452
习	習	70
乡	鄉	73
书	書	188
买	買	588
乱	亂	762
了	瞭	17
亏	虧	25
云	雲	82
亚	亞	373
产	産	522
亩	畝	829
亲	親	1631
亵	褻	5250
亸	嚲	7891
亿	億	44
仅	僅	136
仆	僕	131
从	從	142
仑	侖	143
仓	倉	149
仪	儀	274
们	們	273
价	價	469
众	衆	491
优	優	461
伙	夥	475
会	會	486
伛	傴	3603
伞	傘	493
伟	偉	454
传	傳	455
伣	俔	6538
伤	傷	468
伥	倀	3607
伦	倫	470
伧	傖	3608
伪	僞	476
体	體	770
余	餘	795
佣	傭	780
佥	僉	3738
侠	俠	1141
侥	僥	1142
侦	偵	1145
侧	側	1147
侨	僑	1149
侩	儈	3960
侪	儕	3963
侬	儂	3966
俦	儔	4256
俨	儼	4257
俩	倆	1557
俪	儷	4259
俫	倈	6854
俭	儉	1567
借	藉	1955
债	債	1954
倾	傾	1959
偻	僂	4910
偾	僨	4904
偿	償	2327
傥	儻	5212
傧	儐	5213
储	儲	2697
傩	儺	5215
儿	兒	12
克	剋	675
党	黨	1885
兰	蘭	306
关	關	532
兴	興	544
养	養	1641
兽	獸	2407
冁	囅	8023
冈	岡	115
写	寫	316
军	軍	552
农	農	558
冬	鼕	295
冯	馮	303
冲	衝	511
冻	凍	827
准	準	2024
几	幾	14
凤	鳳	159
凫	鳬	3620
凭	憑	1148
凯	凱	1112
出	齣	330
击	擊	195
凿	鑿	2605
刍	芻	3550
划	劃	407
刘	劉	517
则	則	440
刚	剛	441
创	創	494
别	彆	751
刬	剗	6559
刭	剄	3818
刮	颳	1129
制	製	1121
刽	劊	3971
刿	劌	3930
剀	剴	3933
剂	劑	1216
剐	剮	4216
剑	劍	1587
剧	劇	2132
劝	勸	186
办	辦	181
务	務	297
劢	勱	3537
动	動	353
励	勵	702
劲	勁	926
劳	勞	674
势	勢	977
勋	勛	1506
勚	勩	7125
匦	匭	3835
匮	匱	4782
区	區	94
医	醫	700
千	韆	41
华	華	472
协	協	383
单	單	1232
卖	賣	1042
卜	蔔	8
卢	盧	230
卤	鹵	711
卤	滷	711
卫	衛	65
卷	捲	1231
厂	廠	6
厅	廳	90
历	歷	95
历	曆	95
厉	厲	215
压	壓	385
厌	厭	386
厍	厙	3586
厕	厠	1047
厣	厴	7144
县	縣	720
参	參	1334
叆	靉	5629
叇	靆	7751
双	雙	187
发	發	339
发	髮	339
变	變	1204
只	衹	246
只	隻	246
台	臺	342
台	颱	342
台	檯	342
叶	葉	238
号	號	243
叹	嘆	257
叽	嘰	251
吁	籲	420
合	閤	488
后	後	482
向	嚮	480
吓	嚇	422
吗	嗎	432
吨	噸	730
听	聽	739
启	啓	886
呒	嘸	3699
呓	囈	3700
呕	嘔	725
呖	嚦	3702
呗	唄	3708
员	員	737
呙	咼	6591
呛	嗆	742
呜	嗚	745
咙	嚨	1089
咛	嚀	3918
咝	噝	3922
咸	鹹	1443
响	響	1509
哑	啞	1484
哒	噠	6827
哓	嘵	4203
哔	嗶	4204
哕	噦	4215
哗	嘩	1507
哙	噲	4222
哝	噥	4227
哟	喲	1516
唛	嘜	4494
唝	嗊	6985
唠	嘮	1891
唢	嗩	4514
啧	嘖	4811
啬	嗇	4780
啭	囀	4826
啮	嚙	4829
啰	囉	2286
啴	嘽	7168
啸	嘯	2291
喷	噴	2618
喽	嘍	5158
喾	嚳	5301
嗫	囁	5442
嗳	噯	5470
嘤	嚶	5719
嘱	囑	3253
噜	嚕	5935
嚣	囂	3443
回	迴	438
团	團	425
团	糰	425
园	園	726
困	睏	734
围	圍	728
囵	圇	3719
国	國	1081
图	圖	1119
圆	圓	1922
圣	聖	340
圹	壙	3574
场	場	367
坏	壞	616
块	塊	652
坚	堅	712
坛	壇	614
坛	罎	614
坜	壢	6561
坝	垻	629
坝	壩	629
坞	塢	3655
坟	墳	644
坠	墜	917
垄	壟	1055
垆	壚	3841
垒	壘	1751
垦	墾	1719
垩	堊	4129
垫	墊	1390
垭	埡	4094
垯	墶	6768
垱	壋	4101
垲	塏	6770
埘	塒	4415
埙	塤	4416
埚	堝	4417
堑	塹	4808
堕	墮	2475
塆	壪	5074
墙	墻	3054
壮	壯	510
声	聲	654
壳	殻	650
壶	壺	1812
壸	壼	7117
处	處	294
备	備	1200
复	復	1553
复	複	1553
头	頭	310
夸	誇	395
夹	夾	402
夺	奪	396
奁	奩	3687
奋	奮	1051
奖	奬	1618
妆	妝	512
妇	婦	579
妈	媽	583
妩	嫵	3807
妪	嫗	3808
妫	嬀	3812
姜	薑	1643
娄	婁	1649
娅	婭	4382
娆	嬈	4384
娇	嬌	1739
娈	孌	4304
娲	媧	4691
娴	嫻	4693
婳	嫿	7266
婴	嬰	2301
婵	嬋	5021
婶	嬸	2482
媭	嬃	5218
嫒	嬡	5607
嫔	嬪	5608
嫱	嬙	5831
孙	孫	570
学	學	1273
孪	孿	4303
宁	寧	312
宝	寶	1274
实	實	1285
宠	寵	1277
审	審	1279
宪	憲	1699
家	傢	2099
宽	寬	2098
宾	賓	2102
寝	寢	3029
对	對	341
寻	尋	563
导	導	567
寿	壽	599
将	將	1617
尔	爾	286
尘	塵	414
尝	嘗	1476
尧	堯	406
尴	尷	2883
尽	盡	566
尽	儘	566
层	層	902
屃	屓	6629
属	屬	2800
屡	屢	2801
屦	屨	6016
屿	嶼	434
岁	歲	436
岂	豈	439
岖	嶇	753
岗	崗	754
岘	峴	3715
岚	嵐	3717
岛	島	820
岭	嶺	1111
岽	崬	6682
岿	巋	3924
峃	嶨	6726
峄	嶧	3935
峡	峽	1518
峣	嶢	4231
峤	嶠	4235
峦	巒	1615
崂	嶗	4520
崃	崍	4521
崄	嶮	7000
崭	嶄	2294
嵘	嶸	5163
嵚	嶔	7365
嵝	嶁	5173
巅	巔	3461
巩	鞏	361
巯	巰	5323
币	幣	134
帅	帥	233
师	師	413
帏	幃	3712
帐	帳	755
帘	簾	1283
帜	幟	1109
带	帶	1407
帧	幀	4233
帮	幫	1356
帱	幬	6996
帻	幘	4855
帼	幗	4858
干	乾	23
干	幹	23
广	廣	53
庄	莊	514
庆	慶	515
庐	廬	839
庑	廡	3756
库	庫	832
应	應	836
庙	廟	1210
庞	龐	1207
废	廢	1220
庼	廎	7221
开	開	76
张	張	909
弥	彌	1313
弥	瀰	1313
弯	彎	1616
弹	彈	2473
归	歸	234
当	當	418
当	噹	418
录	録	1304
彟	彠	8049
彻	徹	792
征	徵	1159
径	徑	1163
徕	徠	4584
御	禦	2704
忆	憶	167
忏	懺	3630
忧	憂	874
忾	愾	3787
怀	懷	873
态	態	1052
怂	慫	3973
怃	憮	3783
怄	慪	3784
怅	悵	3788
怆	愴	3791
怜	憐	1270
总	總	1654
怼	懟	4389
怿	懌	4034
恋	戀	2016
恳	懇	2130
恶	惡	1829
恶	噁	1829
恸	慟	4349
恹	懨	4351
恺	愷	4353
恻	惻	4354
恼	惱	1691
恽	惲	4357
悫	慤	4740
悬	懸	2264
悭	慳	4660
悯	憫	2095
惊	驚	2445
惧	懼	2442
惨	慘	2449
惩	懲	2703
惫	憊	2722
惬	愜	4983
惭	慚	2440
惮	憚	4992
惯	慣	2450
愤	憤	2770
愦	憒	5296
愿	願	3094
慑	懾	5589
慭	憖	7765
懑	懣	6292
懒	懶	3380
戆	戇	6498
戋	戔	6509
戏	戲	584
戗	戧	3976
战	戰	1468
才	纔	29
扑	撲	199
执	執	363
扩	擴	364
扪	捫	3575
扫	掃	365
扬	揚	368
扰	擾	618
折	摺	632
抚	撫	613
抟	摶	3650
抠	摳	617
抡	掄	635
抢	搶	637
护	護	649
报	報	656
担	擔	963
拟	擬	657
拢	攏	958
拣	揀	961
拥	擁	974
拦	攔	982
拧	擰	985
拨	撥	991
择	擇	992
挚	摯	1808
挛	攣	4612
挝	撾	4095
挞	撻	4097
挟	挾	1374
挠	撓	1375
挡	擋	1379
挤	擠	1392
挥	揮	1396
挦	撏	4106
捞	撈	1781
损	損	1798
捡	撿	1804
捣	搗	1811
据	據	2189
掳	擄	4720
掴	摑	4721
掷	擲	2186
掸	撣	4737
掺	摻	2191
掼	摜	4744
揽	攬	2518
揿	撳	5069
搀	攙	2531
搁	擱	2533
搂	摟	2535
搅	攪	2536
摄	攝	2832
摅	攄	5354
摆	擺	2838
摆	襬	2838
摈	擯	5362
摊	攤	2844
撄	攖	5635
撵	攆	3190
撷	擷	5861
撸	擼	5864
撺	攛	5867
擞	擻	6042
攒	攢	6368
敌	敵	1942
敛	斂	2350
敩	斆	7441
数	數	2999
斋	齋	2029
斓	斕	6161
斗	鬥	166
斩	斬	1060
断	斷	2405
旋	鏇	2393
无	無	81
旧	舊	232
时	時	717
旷	曠	727
旸	暘	3704
昙	曇	3898
昼	晝	1723
昽	曨	6821
显	顯	1485
晒	曬	1887
晓	曉	1889
晔	曄	6989
晕	暈	1897
晖	暉	6991
暂	暫	2599
暧	曖	5700
曲	麯	424
术	術	211
朱	硃	445
朴	樸	376
机	機	377
杀	殺	487
杂	雜	498
权	權	378
条	條	816
来	來	707
杨	楊	689
杩	榪	6582
松	鬆	1026
板	闆	1025
极	極	687
构	構	1029
枞	樅	3881
枢	樞	1021
枣	棗	1040
枥	櫪	3874
枧	梘	3878
枨	棖	3880
枪	槍	1027
枫	楓	1028
枭	梟	3991
柜	櫃	1022
柠	檸	1438
柽	檉	4160
标	標	1424
栈	棧	1425
栉	櫛	4140
栊	櫳	4143
栋	棟	1429
栌	櫨	4146
栎	櫟	4155
栏	欄	1437
树	樹	1439
样	樣	1849
栾	欒	4611
桠	椏	6958
桡	橈	4451
桢	楨	4453
档	檔	1838
桤	榿	4454
桥	橋	1841
桦	樺	1842
桧	檜	4459
桨	槳	2017
桩	樁	1846
梦	夢	2221
梼	檮	7135
梾	棶	7138
梿	槤	4771
检	檢	2227
棂	欞	4779
椟	櫝	5096
椠	槧	5119
椤	欏	5098
椭	橢	2579
楼	樓	2870
榄	欖	2866
榇	櫬	7499
榈	櫚	5402
榉	櫸	5404
槚	檟	7649
槛	檻	3079
槟	檳	5668
槠	櫧	5669
樯	檣	5884
樱	櫻	3215
橹	櫓	6061
橼	櫞	6064
欢	歡	587
欤	歟	3690
欧	歐	1053
歼	殲	706
殇	殤	4175
残	殘	1460
殒	殞	4802
殓	殮	4803
殚	殫	5113
殡	殯	5683
殴	毆	1054
毂	轂	5364
毕	畢	409
毙	斃	1878
毡	氈	1541
毵	毿	7454
氇	氌	6120
气	氣	122
氢	氫	1542
氩	氬	4548
汇	匯	309
汇	彙	309
汉	漢	311
汤	湯	542
沄	澐	6614
沈	瀋	870
沟	溝	868
沣	灃	3766
沤	漚	3769
沥	瀝	859
沦	淪	863
沧	滄	866
沨	渢	3777
沩	潙	3781
沪	滬	869
泞	濘	1254
泷	瀧	4011
泸	瀘	4012
泺	濼	4017
泻	瀉	1255
泼	潑	1262
泽	澤	1263
泾	涇	4024
洁	潔	1663
洒	灑	1665
洼	窪	1662
浃	浹	4335
浅	淺	1240
浆	漿	2018
浇	澆	1667
浈	湞	6886
浉	溮	6887
浊	濁	1668
测	測	1670
浍	澮	4342
济	濟	1678
浏	瀏	1677
浐	滻	6895
浑	渾	1681
浒	滸	4345
浓	濃	1682
浔	潯	4346
浕	濜	4347
涂	塗	2075
涛	濤	2065
涝	澇	2067
涞	淶	4646
涟	漣	4647
涠	潿	4650
涡	渦	2072
涢	溳	7059
涤	滌	2079
润	潤	2081
涧	澗	2082
涨	漲	2086
涩	澀	2088
淀	澱	2431
渊	淵	2423
渍	漬	4963
渎	瀆	4968
渐	漸	2417
渑	澠	4974
渔	漁	2425
渗	滲	2437
湾	灣	2764
湿	濕	2756
溁	濚	7427
溃	潰	2759
溅	濺	2760
溇	漊	7435
滗	潷	5577
滞	滯	2750
滟	灧	5566
滠	灄	7587
满	滿	3005
滢	瀅	5570
滤	濾	3009
滥	濫	3010
滦	灤	5582
滨	濱	3018
滩	灘	3022
滪	澦	5587
漓	灕	3014
潆	瀠	7724
潇	瀟	3160
潋	瀲	5805
潍	濰	5812
澛	瀂	7817
澜	瀾	3298
濑	瀨	6174
濒	瀕	3377
灏	灝	6459
灭	滅	223
灯	燈	534
灵	靈	900
灶	竈	851
灿	燦	852
炀	煬	3765
炉	爐	1238
炜	煒	4003
炝	熗	4007
点	點	1469
炼	煉	1655
炽	熾	4326
烁	爍	1657
烂	爛	1660
烃	烴	4330
烛	燭	2061
烦	煩	2059
烧	燒	2060
烨	燁	4638
烩	燴	4639
烫	燙	2087
烬	燼	4643
热	熱	1809
焖	燜	4960
焘	燾	4711
爱	愛	1987
爷	爺	492
牍	牘	5211
牵	牽	1458
牺	犧	1939
犊	犢	5196
状	狀	828
犷	獷	3617
犸	獁	3618
犹	猶	812
狈	狽	813
狝	獮	6713
狞	獰	1199
独	獨	1602
狭	狹	1600
狮	獅	1601
狯	獪	4292
狱	獄	1605
狲	猻	4295
猃	獫	4604
猎	獵	2366
猕	獼	4930
猡	玀	4926
献	獻	2861
獭	獺	6148
玑	璣	3566
玙	璵	3649
玚	瑒	6558
玛	瑪	603
玮	瑋	3826
环	環	945
现	現	949
玱	瑲	6647
玺	璽	4599
珑	瓏	4087
珰	璫	4404
珲	琿	4410
琎	璡	7099
琏	璉	4713
琐	瑣	2156
琼	瓊	2504
瑷	璦	7625
璎	瓔	5854
瓒	瓚	6420
瓯	甌	3890
电	電	242
画	畫	1036
畅	暢	1086
畴	疇	2627
疖	癤	3759
疗	療	834
疟	瘧	1213
疠	癘	3997
疡	瘍	3999
疬	癧	4308
疭	瘲	4311
疮	瘡	1625
疯	瘋	1626
症	癥	2026
痈	癰	4618
痉	痙	4621
痒	癢	2382
痨	癆	5254
痫	癇	5258
瘅	癉	7573
瘆	瘮	5546
瘗	瘞	7716
瘘	瘻	5783
瘪	癟	3281
瘫	癱	3283
瘾	癮	3368
瘿	癭	6156
癞	癩	6356
癣	癬	3467
癫	癲	6455
皑	皚	4911
皱	皺	2011
皲	皸	4997
盏	盞	1779
盐	鹽	1790
监	監	1883
盖	蓋	2400
盘	盤	2343
眍	瞘	4189
眬	矓	4493
睐	睞	2612
睑	瞼	5124
瞒	瞞	3232
瞩	矚	3405
矫	矯	2310
矶	磯	3686
矾	礬	1044
矿	礦	1045
砀	碭	3887
码	碼	1046
砖	磚	1447
砗	硨	4165
砚	硯	1453
砜	碸	4170
砺	礪	4475
砻	礱	4483
砾	礫	1865
础	礎	1866
硁	硜	6972
硕	碩	2241
硖	硤	4792
硗	磽	4793
硙	磑	7147
硚	礄	7148
确	確	2591
碍	礙	2876
碛	磧	5417
碜	磣	5423
礼	禮	318
祃	禡	6624
祎	禕	4048
祢	禰	4370
祯	禎	4673
祷	禱	2464
祸	禍	2465
禅	禪	2793
离	離	2035
秋	鞦	1550
种	種	1549
积	積	1945
称	稱	1948
秽	穢	2315
秾	穠	4891
稣	穌	5529
稳	穩	3118
穑	穡	6123
穷	窮	882
窃	竊	1702
窍	竅	2103
窎	窵	7074
窜	竄	2783
窝	窩	2784
窥	窺	3027
窦	竇	5593
窭	窶	7735
竖	竪	1473
竞	競	2043
笃	篤	4255
笔	筆	1951
笕	筧	4557
笺	箋	4893
笼	籠	2318
笾	籩	4902
筑	築	2682
筚	篳	5205
筛	篩	2684
筜	簹	7389
筹	籌	2952
筼	篔	7543
签	簽	2953
签	籤	2953
简	簡	2954
箓	籙	5753
箦	簀	5743
箧	篋	5744
箨	籜	7690
箩	籮	3122
箪	簞	5749
箫	簫	3124
篑	簣	5956
篓	簍	3266
篮	籃	3357
篯	籛	7878
篱	籬	3360
簖	籪	6258
籁	籟	6399
籴	糴	3974
类	類	1646
粜	糶	5013
粝	糲	4953
粪	糞	2742
粮	糧	2998
糁	糝	5795
系	係	825
系	繫	825
紧	緊	1884
累	纍	2282
絷	縶	7298
纠	糾	344
纡	紆	3644
红	紅	589
纣	紂	3645
纤	纖	591
纤	縴	591
纥	紇	3646
约	約	593
级	級	594
纨	紈	3647
纩	纊	6554
纪	紀	595
纫	紉	597
纬	緯	929
纭	紜	3821
纮	紘	6638
纯	純	931
纰	紕	3822
纱	紗	932
纲	綱	933
纳	納	934
纴	紝	3823
纵	縱	936
纶	綸	3824
纷	紛	937
纸	紙	938
纹	紋	939
纺	紡	940
纻	紵	6641
纼	紖	6644
纽	紐	942
纾	紓	3825
线	綫	1336
绀	紺	4074
绁	紲	4075
绂	紱	4076
练	練	1337
组	組	1338
绅	紳	1339
细	細	1340
织	織	1342
终	終	1344
绉	縐	4079
绊	絆	1346
绋	紼	6753
绌	絀	4080
绍	紹	1348
绎	繹	1349
经	經	1350
绐	紿	6754
绑	綁	1752
绒	絨	1753
结	結	1754
绔	絝	4393
绕	繞	1755
绖	絰	6917
绗	絎	4396
绘	繪	1757
给	給	1758
绚	絢	1759
绛	絳	4397
络	絡	1761
绝	絶	1762
绞	絞	1763
统	統	1765
绠	綆	4699
绡	綃	4701
绢	絹	2150
绣	綉	2151
绤	綌	7095
绥	綏	4703
绦	縧	4704
继	繼	2153
绨	綈	4705
绩	績	2486
绪	緒	2487
绫	綾	5027
续	續	2488
绮	綺	5029
绯	緋	5030
绰	綽	2490
绱	緔	5031
绲	緄	5033
绳	繩	2491
维	維	2492
绵	綿	2493
绶	綬	5035
绷	綳	2494
绸	綢	2495
绹	綯	7277
绺	綹	5036
绻	綣	5037
综	綜	2496
绽	綻	2497
绾	綰	5038
绿	緑	2498
缀	綴	2499
缁	緇	5040
缂	緙	5328
缃	緗	5329
缄	緘	5330
缅	緬	2814
缆	纜	2815
缇	緹	5332
缈	緲	5333
缉	緝	2816
缊	緼	7458
缌	緦	5334
缎	緞	2817
缐	線	7459
缑	緱	5335
缒	縋	5336
缓	緩	2818
缔	締	2819
缕	縷	2820
编	編	2822
缗	緡	5337
缘	緣	2824
缙	縉	5610
缚	縛	3044
缛	縟	5612
缜	縝	5611
缝	縫	3045
缞	縗	7619
缟	縞	5615
缠	纏	3046
缡	縭	5616
缢	縊	5617
缣	縑	5618
缤	繽	3047
缥	縹	5842
缦	縵	5843
缧	縲	5844
缨	纓	5845
缩	縮	3188
缪	繆	5847
缫	繅	5848
缬	纈	6021
缭	繚	3314
缮	繕	6022
缯	繒	6023
缰	繮	3386
缱	繾	6192
缲	繰	6193
缳	繯	6194
缴	繳	3387
缵	纘	6419
罂	罌	5729
网	網	442
罗	羅	1108
罚	罰	1519
罢	罷	1918
罴	羆	5723
羁	羈	6237
羟	羥	4952
翘	翹	2601
翙	翽	7366
翚	翬	5324
耢	耮	5339
耧	耬	5850
耸	聳	1984
聂	聶	1819
聋	聾	2245
职	職	2192
聍	聹	7119
联	聯	2544
聩	聵	5869
聪	聰	3206
肃	肅	1303
肠	腸	807
肤	膚	1180
肮	骯	1187
肾	腎	1073
肿	腫	1183
胀	脹	1184
胁	脅	1191
胆	膽	1593
胜	勝	1594
胡	鬍	1419
胧	朧	1592
胨	腖	4279
胪	臚	4280
胫	脛	4288
胶	膠	2000
脍	膾	4593
脏	臟	1998
脏	髒	1998
脐	臍	1999
脑	腦	2001
脓	膿	2002
脔	臠	5251
脶	腡	7210
脸	臉	2359
腊	臘	2712
腘	膕	7401
腻	膩	2968
腾	騰	2975
膑	臏	5767
臜	臢	6441
致	緻	1879
舆	輿	3125
舍	捨	1165
舣	艤	6861
舰	艦	1978
舱	艙	1979
舻	艫	4916
艰	艱	1335
艳	艷	1770
艺	藝	86
节	節	209
芗	薌	3584
芜	蕪	662
芦	蘆	672
芸	蕓	3661
苁	蓯	3670
苇	葦	663
苈	藶	3663
苋	莧	3667
苌	萇	3669
苍	蒼	669
苎	苧	3676
苏	蘇	677
苏	囌	677
苧	薴	6660
苹	蘋	1004
范	範	1010
茎	莖	1014
茏	蘢	3857
茑	蔦	3868
茔	塋	3870
茕	煢	3871
茧	繭	1409
荐	薦	1405
荙	薘	6785
荚	莢	4109
荛	蕘	6786
荜	蓽	4112
荞	蕎	4118
荟	薈	4123
荠	薺	4126
荡	蕩	1414
荣	榮	1415
荤	葷	1416
荥	滎	4130
荦	犖	4131
荧	熒	1417
荨	蕁	4132
荩	藎	4133
荪	蓀	4135
荫	蔭	1420
荬	蕒	4137
荭	葒	6796
荮	葤	4138
药	藥	1423
莱	萊	1822
莲	蓮	1823
莳	蒔	4429
莴	萵	4430
莶	薟	6953
获	獲	1827
获	穫	1827
莸	蕕	4439
莹	瑩	1830
莺	鶯	1831
莼	蒓	4446
萚	蘀	7121
萝	蘿	2204
萤	螢	2213
营	營	2214
萦	縈	4767
萧	蕭	2216
萨	薩	2217
蒇	蕆	7307
蒉	蕢	7310
蒋	蔣	2555
蒌	蔞	5090
蒙	濛	2859
蒙	懞	2859
蒙	矇	2859
蓝	藍	2852
蓟	薊	5380
蓠	蘺	5384
蓣	蕷	7491
蓥	鎣	5390
蓦	驀	5373
蔑	衊	3070
蔷	薔	5644
蔹	蘞	7644
蔺	藺	5652
蔼	藹	3074
蕲	蘄	5881
蕴	藴	3212
薮	藪	6053
藓	蘚	6210
虏	虜	1072
虑	慮	1882
虫	蟲	423
虮	蟣	3910
虽	雖	1502
虾	蝦	1498
虿	蠆	4183
蚀	蝕	1612
蚁	蟻	1499
蚂	螞	1501
蚕	蠶	1777
蚬	蜆	4511
蛊	蠱	4836
蛎	蠣	4833
蛏	蟶	4840
蛮	蠻	2727
蛰	蟄	5073
蛱	蛺	5142
蛲	蟯	5143
蛳	螄	5145
蛴	蠐	5149
蜗	蝸	2923
蜡	蠟	3106
蝇	蠅	3107
蝈	蟈	5707
蝉	蟬	3109
蝼	螻	5928
蝾	蠑	5921
螨	蟎	6097
蟏	蠨	7935
衅	釁	2338
衔	銜	2342
补	補	888
表	錶	951
衬	襯	1292
袄	襖	1709
袅	裊	4608
袆	褘	6903
袜	襪	2115
袭	襲	2246
袯	襏	7079
装	裝	2726
裆	襠	4999
裈	褌	7252
裢	褳	5305
裣	襝	7445
裤	褲	2791
裥	襇	5307
褛	褸	5822
褴	襤	6011
襕	襴	7972
见	見	118
观	觀	586
觃	覎	6599
规	規	952
觅	覓	1173
视	視	1294
觇	覘	4185
览	覽	1472
觉	覺	1694
觊	覬	4525
觋	覡	4773
觌	覿	7337
觎	覦	5511
觏	覯	5625
觐	覲	5870
觑	覷	5901
觞	觴	5243
触	觸	2980
觯	觶	5977
訚	誾	4631
詟	讋	7342
誉	譽	3024
誊	謄	2997
计	計	168
订	訂	169
讣	訃	3523
认	認	171
讥	譏	173
讦	訐	3554
讧	訌	3555
讨	討	315
让	讓	317
讪	訕	3556
讫	訖	3557
训	訓	319
议	議	320
讯	訊	322
记	記	323
讱	訒	6521
讲	講	550
讳	諱	551
讴	謳	3631
讵	詎	3632
讶	訝	553
讷	訥	3634
许	許	554
讹	訛	555
论	論	556
讻	訩	6550
讼	訟	557
讽	諷	559
设	設	560
访	訪	561
诀	訣	562
证	證	885
诂	詁	3794
诃	訶	3795
评	評	887
诅	詛	3796
识	識	892
诇	詗	6625
诈	詐	893
诉	訴	894
诊	診	896
诋	詆	3797
诌	謅	3798
词	詞	897
诎	詘	6627
诏	詔	3799
诐	詖	6628
译	譯	898
诒	詒	3800
诓	誆	4038
诔	誄	4039
试	試	1286
诖	詿	4040
诗	詩	1288
诘	詰	4041
诙	詼	4043
诚	誠	1291
诛	誅	4051
诜	詵	4052
话	話	1296
诞	誕	1297
诟	詬	4053
诠	詮	4054
诡	詭	1298
询	詢	1299
诣	詣	4055
诤	諍	4056
该	該	1300
详	詳	1301
诧	詫	4057
诨	諢	4058
诩	詡	4059
诫	誡	1704
诬	誣	1706
语	語	1707
诮	誚	4368
误	誤	1714
诰	誥	4371
诱	誘	1715
诲	誨	1716
诳	誑	4372
说	説	1717
诵	誦	1718
请	請	2108
诸	諸	2110
诹	諏	4668
诺	諾	2111
读	讀	2112
诼	諑	4670
诽	誹	2114
课	課	2120
诿	諉	4674
谀	諛	4675
谁	誰	2122
谂	諗	4676
调	調	2123
谄	諂	4677
谅	諒	2125
谆	諄	2126
谇	誶	4678
谈	談	2127
谊	誼	2128
谋	謀	2459
谌	諶	4994
谍	諜	2460
谎	謊	2461
谏	諫	4995
谐	諧	2462
谑	謔	4998
谒	謁	5002
谓	謂	2466
谔	諤	5003
谕	諭	5004
谖	諼	5005
谗	讒	5006
谙	諳	5007
谚	諺	2467
谛	諦	5008
谜	謎	2468
谝	諞	5009
谞	諝	7256
谟	謨	5303
谠	讜	5310
谡	謖	5312
谢	謝	2795
谣	謡	2796
谤	謗	2797
谥	謚	5313
谦	謙	2798
谧	謐	5314
谨	謹	3030
谩	謾	5602
谪	謫	5603
谫	謭	7608
谬	謬	3034
谭	譚	3177
谮	譖	5818
谯	譙	5824
谰	讕	5825
谱	譜	3181
谲	譎	5826
谳	讞	6010
谴	譴	3307
谵	譫	6014
谶	讖	6416
谷	穀	798
豮	豶	7853
贝	貝	114
贞	貞	412
负	負	503
贡	貢	627
财	財	756
责	責	948
贤	賢	1074
败	敗	1113
账	賬	1114
货	貨	1151
质	質	1157
贩	販	1115
贪	貪	1176
贫	貧	1178
贬	貶	1116
购	購	1117
贮	貯	1118
贯	貫	1351
贰	貳	1353
贱	賤	1520
贲	賁	4100
贳	貰	4111
贴	貼	1521
贵	貴	1495
贶	貺	4238
贷	貸	1558
贸	貿	1607
费	費	1726
贺	賀	1744
贻	貽	1522
贼	賊	1924
贽	贄	4423
贾	賈	1856
贿	賄	1925
赀	貲	6981
赁	賃	1965
赂	賂	1926
赃	贜	1927
资	資	2039
赅	賅	4526
赆	贐	7003
赇	賕	4862
赈	賑	4863
赉	賚	4805
赊	賒	4864
赋	賦	2650
赌	賭	2651
赍	賫	5100
赎	贖	2652
赏	賞	2609
赐	賜	2653
赑	贔	7370
赒	賙	7372
赓	賡	5260
赔	賠	2654
赕	賧	5177
赖	賴	2872
赗	賵	7526
赘	贅	3052
赙	賻	5728
赚	賺	3112
赛	賽	3172
赜	賾	5882
赝	贋	6073
赞	贊	3355
赟	贇	6153
赠	贈	3351
赡	贍	3414
赢	贏	3427
赣	贛	3495
赪	赬	7479
赵	趙	1378
赶	趕	1788
趋	趨	2516
趱	趲	6478
趸	躉	4488
跃	躍	2276
跄	蹌	4830
跞	躒	5137
践	踐	2628
跶	躂	5453
跷	蹺	2914
跸	蹕	5454
跹	躚	5457
跻	躋	5458
踊	踴	3104
踌	躊	5702
踬	躓	5915
踯	躑	5917
蹑	躡	6227
蹒	蹣	6228
蹿	躥	6389
躏	躪	3492
躜	躦	6482
躯	軀	2335
车	車	100
轧	軋	224
轨	軌	404
轩	軒	709
轪	軑	6585
轫	軔	3691
转	轉	1059
轭	軛	3893
轮	輪	1061
软	軟	1062
轰	轟	1057
轱	軲	4178
轲	軻	4179
轳	轤	4180
轴	軸	1462
轵	軹	6815
轶	軼	4181
轷	軤	6816
轸	軫	4182
轹	轢	6817
轺	軺	6818
轻	輕	1463
轼	軾	4484
载	載	1787
轾	輊	4485
轿	轎	1875
辀	輈	6977
辁	輇	6978
辂	輅	4486
较	較	1876
辄	輒	4807
辅	輔	2250
辆	輛	2251
辇	輦	5057
辈	輩	2602
辉	輝	2606
辊	輥	5117
辋	輞	5118
辌	輬	7344
辍	輟	5120
辎	輜	5121
辏	輳	5425
辐	輻	2888
辑	輯	2889
辒	輼	7511
输	輸	2890
辔	轡	5613
辕	轅	5686
辖	轄	3096
辗	輾	3097
辘	轆	5898
辙	轍	3339
辚	轔	6080
辞	辭	2947
辟	闢	3037
辩	辯	3372
辫	辮	3426
边	邊	337
辽	遼	331
达	達	398
迁	遷	451
过	過	379
迈	邁	408
运	運	611
还	還	704
这	這	837
进	進	605
远	遠	608
违	違	609
连	連	708
迟	遲	906
迩	邇	3983
迳	逕	6745
适	適	1546
选	選	1545
逊	遜	1728
递	遞	2064
逦	邐	4470
逻	邏	2295
遗	遺	2633
邓	鄧	185
邝	鄺	3551
邬	鄔	3621
邮	郵	732
邹	鄒	3749
邺	鄴	3696
邻	鄰	801
郁	鬱	1043
郏	郟	3892
郐	鄶	6706
郑	鄭	1229
郓	鄆	4045
郦	酈	4163
郧	鄖	4217
郸	鄲	4636
酂	酇	8005
酝	醖	2236
酦	醱	7336
酱	醬	2986
酽	釅	5672
酾	釃	7656
酿	釀	3088
释	釋	2710
里	裏	721
鉴	鑒	2894
銮	鑾	5778
錾	鏨	6079
钆	釓	6536
钇	釔	3597
针	針	757
钉	釘	758
钊	釗	3721
钋	釙	3722
钌	釕	3723
钍	釷	3939
钎	釺	3940
钏	釧	3941
钐	釤	6689
钒	釩	3942
钓	釣	1120
钔	鍆	6690
钕	釹	3943
钖	鍚	6691
钗	釵	3944
钘	鈃	6843
钙	鈣	1525
钚	鈈	4239
钛	鈦	4240
钜	鉅	6845
钝	鈍	1526
钞	鈔	1527
钟	鍾	1528
钟	鐘	1528
钠	鈉	1530
钡	鋇	4241
钢	鋼	1529
钣	鈑	4242
钤	鈐	4243
钥	鑰	1531
钦	欽	1532
钧	鈞	1533
钨	鎢	4244
钩	鈎	1534
钪	鈧	6849
钫	鈁	4245
钬	鈥	6850
钭	鈄	6851
钮	鈕	1535
钯	鈀	4246
钰	鈺	4527
钱	錢	1928
钲	鉦	4528
钳	鉗	1929
钴	鈷	4529
钵	鉢	4530
钷	鉕	7005
钹	鈸	4531
钺	鉞	4532
钻	鑽	1930
钼	鉬	4534
钽	鉭	4533
钾	鉀	1931
钿	鈿	4535
铀	鈾	4536
铁	鐵	1932
铂	鉑	4537
铃	鈴	1933
铄	鑠	4538
铅	鉛	1934
铆	鉚	4539
铈	鈰	4540
铉	鉉	4541
铊	鉈	4542
铋	鉍	4543
铌	鈮	4544
铍	鈹	4545
铎	鐸	4547
铏	鉶	7176
铐	銬	2303
铑	銠	4865
铒	鉺	4866
铕	銪	7179
铖	鋮	7181
铗	鋏	4867
铘	鋣	7182
铙	鐃	4868
铚	銍	7183
铛	鐺	2304
铜	銅	2306
铝	鋁	2305
铞	銱	7184
铟	銦	4869
铠	鎧	4870
铡	鍘	4871
铢	銖	4872
铣	銑	4873
铤	鋌	4874
铥	銩	7185
铧	鏵	4875
铨	銓	4876
铩	鎩	4877
铪	鉿	4878
铫	銚	4879
铬	鉻	4880
铭	銘	2307
铮	錚	4881
铯	銫	4882
铰	鉸	4883
铱	銥	4884
铲	鏟	2308
铳	銃	4885
铴	鐋	7186
铵	銨	4886
银	銀	2309
铷	銣	4887
铸	鑄	2656
铹	鐒	7374
铺	鋪	2657
铻	鋙	5178
铼	錸	5179
铽	鋱	7376
链	鏈	2658
铿	鏗	5180
销	銷	2659
锁	鎖	2660
锂	鋰	5182
锃	鋥	5181
锄	鋤	2661
锅	鍋	2662
锆	鋯	5183
锇	鋨	5184
锈	銹	2663
锉	銼	5185
锊	鋝	7379
锋	鋒	2664
锌	鋅	2665
锍	鋶	7380
锎	鐦	7381
锏	鐧	5186
锐	鋭	2666
锑	銻	5187
锒	鋃	5188
锓	鋟	7383
锔	鋦	5189
锕	錒	5190
锖	錆	7528
锗	鍺	5482
锘	鍩	7530
错	錯	2936
锚	錨	2937
锛	錛	5483
锜	錡	5484
锝	鍀	5485
锞	錁	5486
锟	錕	5487
锡	錫	2938
锢	錮	5488
锣	鑼	2939
锤	錘	2940
锥	錐	2941
锦	錦	2942
锧	鑕	7532
锨	鍁	5489
锩	錈	5490
锪	鍃	7533
锫	錇	7535
锬	錟	7536
锭	錠	5491
键	鍵	2943
锯	鋸	2944
锰	錳	2945
锱	錙	5492
锲	鍥	5733
锳	鍈	7531
锴	鍇	5734
锵	鏘	5738
锶	鍶	5735
锷	鍔	5736
锸	鍤	5737
锹	鍬	3113
锺	鍾	7679
锻	鍛	3114
锼	鎪	7680
锽	鍠	7681
锾	鍰	7683
锿	鎄	7684
镀	鍍	3115
镁	鎂	5739
镂	鏤	5740
镃	鎡	7685
镄	鐨	7686
镅	鎇	7687
镆	鏌	7785
镇	鎮	3256
镈	鎛	7786
镉	鎘	5947
镊	鑷	5946
镋	钂	7787
镌	鎸	5948
镍	鎳	5949
镎	鎿	7788
镏	鎦	5950
镐	鎬	3257
镑	鎊	3258
镒	鎰	5951
镓	鎵	5952
镔	鑌	5953
镕	鎔	7790
镖	鏢	6112
镗	鏜	6113
镘	鏝	6114
镚	鏰	6115
镛	鏞	6116
镜	鏡	3354
镝	鏑	6117
镞	鏃	6118
镠	鏐	6119
镡	鐔	6245
镢	鐝	6246
镣	鐐	6247
镤	鏷	7938
镥	鑥	7941
镦	鐓	6248
镧	鑭	6249
镨	鐠	7942
镩	鑹	6250
镪	鏹	6251
镫	鐙	6252
镬	鑊	6344
镭	鐳	6345
镮	鐶	8003
镯	鐲	6346
镰	鐮	3444
镱	鐿	8004
镲	鑔	6397
镳	鑣	6435
镴	鑞	6436
镵	鑱	6473
镶	鑲	3497
长	長	127
门	門	55
闩	閂	3522
闪	閃	305
闫	閆	6546
闭	閉	527
问	問	528
闯	闖	529
闰	閏	845
闱	闈	3761
闲	閑	846
闳	閎	3762
间	間	847
闵	閔	3763
闶	閌	6609
闷	悶	848
闸	閘	1227
闹	鬧	1228
闺	閨	1635
闻	聞	1636
闼	闥	4316
闽	閩	1637
闾	閭	4317
闿	闓	4318
阀	閥	1638
阁	閣	1639
阂	閡	4319
阃	閫	4629
阄	鬮	4630
阅	閲	2048
阆	閬	4632
阇	闍	4945
阈	閾	4946
阉	閹	4947
阊	閶	4948
阋	鬩	4949
阌	閿	7227
阍	閽	4950
阎	閻	2396
阏	閼	4951
阐	闡	2397
阑	闌	5266
阒	闃	5267
阔	闊	2737
阕	闋	5268
阖	闔	5552
阗	闐	5553
阘	闒	7579
阙	闕	5554
阚	闞	5789
队	隊	180
阳	陽	572
阴	陰	575
阵	陣	571
阶	階	574
际	際	911
陆	陸	912
陇	隴	3802
陈	陳	914
陉	陘	3805
陕	陝	1320
陨	隕	1731
险	險	1733
随	隨	2476
隐	隱	2480
隶	隸	1305
难	難	2147
雏	雛	2983
雠	讎	6351
雳	靂	2598
雾	霧	2886
霁	霽	5685
霉	黴	3231
霭	靄	6379
靓	靚	5050
面	麵	1455
靥	靨	5892
鞑	韃	5871
鞒	鞽	5873
鞯	韉	6315
韦	韋	3509
韧	韌	610
韨	韍	6766
韩	韓	2558
韪	韙	5433
韫	韞	5348
韬	韜	5628
页	頁	393
顶	頂	971
顷	頃	1058
顸	頇	4090
项	項	1370
顺	順	1559
须	須	1585
须	鬚	1585
顼	頊	4403
顽	頑	1778
顾	顧	1874
顿	頓	1877
颀	頎	4583
颁	頒	1990
颂	頌	1991
颃	頏	4624
预	預	2148
颅	顱	2252
领	領	2354
颇	頗	2484
颈	頸	2485
颉	頡	5067
颊	頰	2597
颋	頲	7385
颌	頜	5221
颍	潁	5238
颎	熲	5246
颏	頦	5264
颐	頤	5391
频	頻	2892
颓	頽	2950
颔	頷	5516
颖	穎	2979
颗	顆	3100
题	題	3233
颙	顒	5908
颚	顎	5931
颛	顓	5938
颜	顔	3285
额	額	3304
颞	顳	6045
颟	顢	6048
颠	顛	3327
颡	顙	6191
颢	顥	6330
颤	顫	3465
颥	顬	8055
颦	顰	6452
颧	顴	6481
风	風	154
飏	颺	6607
飐	颭	6872
飑	颮	4293
飒	颯	4315
飓	颶	5242
飔	颸	7566
飕	颼	5534
飗	飀	7711
飘	飄	3221
飙	飆	6074
飞	飛	69
飨	饗	5338
餍	饜	5894
饥	飢	299
饥	饑	299
饧	餳	3622
饨	飩	3750
饩	餼	3751
饪	飪	3752
饫	飫	3753
饬	飭	3754
饭	飯	823
饮	飲	824
饯	餞	3992
饰	飾	1201
饱	飽	1202
饲	飼	1203
饳	飿	6714
饴	飴	3993
饵	餌	1610
饶	饒	1611
饷	餉	4299
饸	餄	4300
饹	餎	4301
饺	餃	1613
饻	餏	6874
饼	餅	1614
饽	餑	4609
饿	餓	2012
馁	餒	2013
馃	餜	4932
馄	餛	4933
馅	餡	2372
馆	館	2373
馇	餷	5248
馈	饋	2724
馉	餶	7411
馊	餿	5249
馋	饞	2725
馌	饁	7569
馍	饃	2984
馏	餾	2985
馐	饈	5537
馑	饉	5777
馒	饅	3138
馓	饊	5978
馔	饌	5979
馕	饢	6497
马	馬	72
驭	馭	3562
驮	馱	590
驯	馴	592
驰	馳	596
驱	驅	930
驲	馹	6639
驳	駁	935
驴	驢	941
驵	駔	6748
驶	駛	1341
驷	駟	4077
驸	駙	4078
驹	駒	1343
驺	騶	6751
驻	駐	1345
驼	駝	1347
驽	駑	4070
驾	駕	1332
驿	驛	4081
骀	駘	4082
骁	驍	4394
骂	駡	1505
骃	駰	6918
骄	驕	1756
骅	驊	4395
骆	駱	1760
骇	駭	1764
骈	駢	4398
骉	驫	6924
骊	驪	4700
骋	騁	4702
验	驗	2152
骍	騂	7096
骎	駸	4706
骏	駿	2154
骐	騏	5028
骑	騎	2489
骒	騍	5032
骓	騅	5034
骕	驌	7280
骖	驂	5039
骗	騙	2821
骘	騭	5319
骙	騤	7460
骚	騷	2823
骛	騖	5327
骜	驁	5347
骝	騮	5614
骞	騫	5592
骟	騸	5619
骠	驃	5841
骡	騾	3187
骢	驄	5846
骣	驏	6024
骤	驟	3436
骥	驥	6418
骦	驦	8072
骧	驤	6447
髅	髏	6342
髋	髖	6395
髌	髕	6396
鬓	鬢	3473
鬶	鬹	7983
魇	魘	5893
魉	魎	6132
鱼	魚	1194
鱽	魛	7034
鱾	魢	7214
鱿	魷	5235
鲀	魨	5236
鲁	魯	2717
鲂	魴	5237
鲃	䰾	7406
鲅	鮁	5525
鲆	鮃	5526
鲇	鮎	5527
鲈	鱸	5528
鲉	鮋	7557
鲊	鮓	7558
鲋	鮒	5530
鲌	鮊	7559
鲍	鮑	2977
鲎	鱟	5591
鲏	鮍	7563
鲐	鮐	5531
鲑	鮭	5768
鲒	鮚	7699
鲔	鮪	5769
鲕	鮞	7700
鲖	鮦	7702
鲗	鰂	7703
鲘	鮜	7704
鲙	鱠	7705
鲚	鱭	5770
鲛	鮫	5771
鲜	鮮	3135
鲝	鮺	7719
鲞	鮝	5791
鲟	鱘	5772
鲠	鯁	5968
鲡	鱺	5969
鲢	鰱	5970
鲣	鰹	5971
鲤	鯉	3276
鲥	鰣	5972
鲦	鰷	7800
鲧	鯀	5973
鲨	鯊	3294
鲩	鯇	5974
鲪	鮶	7801
鲫	鯽	3277
鲬	鯒	7802
鲭	鯖	7885
鲮	鯪	6139
鲯	鯕	7886
鲰	鯫	7887
鲱	鯡	6140
鲲	鯤	6141
鲳	鯧	6142
鲴	鯝	6143
鲵	鯢	6144
鲷	鯛	6145
鲸	鯨	3366
鲹	鰺	7889
鲺	鯴	7888
鲻	鯔	6146
鲼	鱝	6276
鲽	鰈	6277
鲾	鰏	7962
鲿	鱨	7964
鳀	鯷	6278
鳁	鰛	7965
鳂	鰃	7966
鳃	鰓	6279
鳄	鰐	3424
鳅	鰍	6280
鳇	鰉	6281
鳈	鰁	7967
鳉	鱂	7968
鳊	鯿	6282
鳌	鰲	6311
鳍	鰭	3446
鳎	鰨	6353
鳏	鰥	6354
鳐	鰩	6355
鳑	鰟	8015
鳒	鰜	8016
鳓	鰳	6403
鳔	鰾	6404
鳕	鱈	6405
鳖	鱉	3470
鳗	鰻	6406
鳘	鰵	8038
鳙	鱅	6407
鳚	䲁	8044
鳛	鰼	8045
鳜	鱖	6442
鳝	鱔	6443
鳞	鱗	3483
鳟	鱒	6444
鳠	鱯	8082
鳡	鱤	8083
鳢	鱧	6454
鳣	鱣	8084
鳤	䲘	8096
鸟	鳥	296
鸠	鳩	3748
鸡	鷄	928
鸢	鳶	3895
鸣	鳴	1100
鸤	鳲	6733
鸥	鷗	1459
鸦	鴉	1464
鸧	鶬	6864
鸨	鴇	4289
鸩	鴆	4373
鸪	鴣	4445
鸫	鶇	4487
鸬	鸕	4490
鸭	鴨	1892
鸮	鴞	4503
鸯	鴦	1910
鸰	鴒	7029
鸱	鴟	4598
鸲	鴝	4600
鸳	鴛	2010
鸵	鴕	2008
鸶	鷥	4708
鸷	鷙	4732
鸸	鴯	4797
鸹	鴰	4890
鸺	鵂	7194
鸻	鴴	4913
鸼	鵃	7205
鸽	鴿	2349
鸾	鸞	4934
鸿	鴻	2412
鹀	鵐	7327
鹁	鵓	5106
鹂	鸝	5111
鹃	鵑	2640
鹄	鵠	5199
鹅	鵝	2674
鹆	鵒	5224
鹇	鷳	5265
鹈	鵜	5276
鹉	鵡	2826
鹊	鵲	2851
鹋	鶓	5374
鹌	鵪	5424
鹍	鵾	7518
鹎	鵯	7548
鹏	鵬	2974
鹐	鵮	5533
鹑	鶉	5538
鹒	鶊	7575
鹔	鷫	7609
鹕	鶘	5658
鹖	鶡	7671
鹗	鶚	5717
鹘	鶻	5732
鹙	鶖	7689
鹚	鷀	5797
鹛	鶥	5829
鹜	鶩	5840
鹝	鷊	7761
鹞	鷂	5965
鹟	鶲	7798
鹠	鶹	7805
鹡	鶺	7806
鹢	鷁	7810
鹣	鶼	7811
鹤	鶴	3308
鹦	鸚	3350
鹧	鷓	6151
鹨	鷚	7914
鹩	鷯	6219
鹪	鷦	6263
鹫	鷲	6285
鹬	鷸	6308
鹭	鷺	6334
鹮	䴉	6339
鹯	鸇	8018
鹰	鷹	3447
鹱	鸌	8017
鹲	鸏	7991
鹳	鸛	6467
鹴	鸘	8092
鹾	鹺	7857
麦	麥	601
麸	麩	4715
麹	麴	7748
黉	黌	7912
黡	黶	7993
黩	黷	6432
黪	黲	6434
黾	黽	3913
鼋	黿	5058
鼍	鼉	6430
齐	齊	518
齑	齏	5986
齿	齒	1068
龀	齔	4489
龁	齕	7153
龂	齗	7346
龃	齟	5426
龄	齡	2893
龅	齙	5427
龆	齠	7514
龇	齜	5690
龈	齦	5691
龉	齬	5899
龊	齪	5900
龋	齲	6220
龌	齷	6221
龙	龍	221
龚	龔	4801
龛	龕	4919
龟	龜	808
鿎	䃮	7146
鿏	䥑	7373
𣗋	欓	7650
𣲗	湋	6613
𣲘	潕	6612
𣸣	濆	7425
𤩽	瓛	7918
𦈡	繻	7979
𦝼	膢	7568
𨐈	輄	6976
𨱇	銶	7377
𨱏	鎝	7678
𨱑	鐄	7873
𨱔	鐏	7944
𩽾	鮟	7708
𩾃	鮸	7799
𩾌	鱇	8043
𪟝	勣	6932
𪣻	塿	7299
𪨶	輋	6999
𪩘	巘	7870
𪾢	睍	6820
𫄧	綖	6922
𫄨	絺	7094
𫄷	繶	7916
𫄸	纁	7980
𫇭	蔿	6576
𫌀	襀	7602
𫍣	詷	6730
𫍯	諴	7250
𫍲	謏	7255
𫍽	譞	7828
𫐄	軏	6586
𫐐	輗	7343
𫐓	輮	7513
𫑡	鄳	6995
𫓧	鈇	6844
𫓯	銈	7177
𫓶	鋗	7378
𫓹	錤	7529
𫔍	鐇	7940
𫔎	鐍	7946
𫔶	闑	7580
𫖮	顗	7367
𫖯	頫	7399
𫖳	頵	7610
𫗧	餗	7039
𫗴	饘	7890
𫘜	馼	6640
𫘝	駃	6643
𫘦	騊	7276
𫘧	騄	7281
𫘨	騠	7457
𫘪	騵	7617
𫘬	騱	7618
𫚕	鰤	7701
𫚖	鮆	7667
𫚭	鱲	8100
𫛭	鵟	7408
𫞩	璊	7622
𫟅	綡	7278
𫟦	䡵	7854
𫟹	鉷	7178
𫟼	鐽	7180
𫠆	頍	6967
𫠊	䮄	6752
𫠜	齯	7856
𫢸	僤	7019
𫫇	噁	7519
𫭟	塸	6560
𫭢	埨	6564
𫭼	𡑍	6941
𫮃	墠	7114
𫰛	娙	6744
𫵷	㠣	6594
𫶇	嵽	7361
𫷷	廞	7414
𫸩	彄	6630
𬀩	暐	6671
𬀪	晛	6672
𬂩	梜	6959
𬃊	櫍	7326
𬇕	澫	6547
𬇙	浿	6616
𬇹	漍	7234
𬉼	熰	4004
𬊈	燖	7053
𬊤	燀	7423
𬍛	瓅	6761
𬍡	璗	7241
𬍤	璕	6937
𬒈	礐	7070
𬒗	𥗽	7661
𬕂	篢	7541
𬘓	紃	6553
𬘘	紞	6642
𬘡	絪	6919
𬘩	綎	6921
𬘫	綄	7097
𬘬	綪	7273
𬘭	綝	7274
𬘯	綧	7279
𬙂	縯	7746
𬙊	纆	8030
𬙋	纕	8073
𬜬	蔄	6791
𬜯	䓣	6951
𬞟	蘋	7841
𬟁	虉	7987
𬟽	蝀	7166
𬣙	訏	6520
𬣞	詝	6551
𬣡	諓	6623
𬣳	詪	6731
𬤇	諲	7249
𬤊	諟	7254
𬤝	譓	7737
𬨂	軝	6670
𬨎	輶	7512
𬩽	鄩	6732
𬪩	醲	7503
𬬩	釴	6688
𬬭	錀	6848
𬬮	鋹	6846
𬬱	釿	6847
𬬸	鉥	7004
𬬹	鉮	7007
𬬻	鑪	7006
𬬿	鉊	7008
𬭁	鉧	7009
𬭊	𨧀	7375
𬭎	鋐	7382
𬭚	錞	7534
𬭛	𨨏	7537
𬭤	鍭	7682
𬭩	鎓	7789
𬭬	鏏	7872
𬭯	䥕	7874
𬭳	𨭎	7937
𬭶	𨭆	7939
𬭸	鏻	7943
𬭼	鐩	7945
𬮱	闉	7421
𬮿	隑	6737
𬯀	隮	6739
𬯎	隤	7260
𬱖	頔	7161
𬱟	頠	7405
𬳵	駓	6747
𬳶	駉	6749
𬳽	駪	6920
𬳿	駼	7093
𬴂	騑	7275
𬴃	騞	7456
𬴊	驎	7831
𬶋	鮈	7561
𬶍	鮀	7562
𬶏	鮠	7707
𬶐	鮡	7706
𬶟	鯻	7961
𬶠	鰊	7963
𬶨	鱀	7974
𬶭	鰶	8042
𬶮	鱚	8062
𬷕	鵏	7334
𬸘	鶠	7654
𬸚	鸑	7712
𬸣	鶱	7824
𬸦	鷟	7894
𬸪	鷭	7958
𬹼	齘	7347
𬺈	齮	7855
𬺓	齼	8079
